search_query_original,igdb_id,name,slug,image_url
Kingdom Hearts,14159,Kingdom Hearts HD 2.8 Final Chapter Prologue,kingdom-hearts-hd-2-dot-8-final-chapter-prologue,//images.igdb.com/igdb/image/upload/t_cover_big/ar58gc.webp
Kingdom Hearts,26676,Kingdom Hearts 0.2: Birth by Sleep - A Fragmentary Passage,kingdom-hearts-0-dot-2-birth-by-sleep-a-fragmentary-passage,//images.igdb.com/igdb/image/upload/t_cover_big/co8m20.webp
Kingdom Hearts,27979,Kingdom Hearts HD 1.5 + 2.5 Remix,kingdom-hearts-hd-1-dot-5-plus-2-dot-5-remix,//images.igdb.com/igdb/image/upload/t_cover_big/ar58gb.webp
Kingdom Hearts,117525,Kingdom Hearts Dream Drop Distance HD,kingdom-hearts-dream-drop-distance-hd,//images.igdb.com/igdb/image/upload/t_cover_big/co8m1w.webp
Kingdom Hearts,212758,Kingdom Hearts Final Mix,kingdom-hearts-final-mix--1,//images.igdb.com/igdb/image/upload/t_cover_big/co8m1o.webp
Kingdom Hearts,221997,Kingdom Hearts Birth by Sleep Final Mix,kingdom-hearts-birth-by-sleep-final-mix--1,//images.igdb.com/igdb/image/upload/t_cover_big/co8m1t.webp
Kingdom Hearts,221998,Kingdom Hearts II Final Mix,kingdom-hearts-ii-final-mix--1,//images.igdb.com/igdb/image/upload/t_cover_big/co8m1s.webp
Kingdom Hearts,306474,Kingdom Hearts III + Re Mind,kingdom-hearts-iii-plus-re-mind,//images.igdb.com/igdb/image/upload/t_cover_big/cocb25.webp
Kingdom Hearts,2933,Kingdom Hearts III,kingdom-hearts-iii,//images.igdb.com/igdb/image/upload/t_cover_big/co1tpy.webp
Kingdom Hearts,117778,Kingdom Hearts III: Re Mind,kingdom-hearts-iii-re-mind,//images.igdb.com/igdb/image/upload/t_cover_big/co1xdl.webp
Kingdom Hearts,196761,Kingdom Hearts IV,kingdom-hearts-iv,//images.igdb.com/igdb/image/upload/t_cover_big/cocp35.webp
Kingdom Hearts,18869,Mages of Mystralia,mages-of-mystralia,//images.igdb.com/igdb/image/upload/t_cover_big/dkqoabfj9ka5p0vbeqie.webp
Kingdom Hearts,152776,The Last Poem: The Trials of Poe,the-last-poem-the-trials-of-poe,//images.igdb.com/igdb/image/upload/t_cover_big/co3hb6.webp
Kingdom Hearts,363270,Twilight Requiem,twilight-requiem--1,//images.igdb.com/igdb/image/upload/t_cover_big/coc0bk.webp
Kingdom Hearts,36871,Destiny Chronicles,destiny-chronicles,//images.igdb.com/igdb/image/upload/t_cover_big/iyrdqyn2jrlu1cutgk8l.webp
Kingdom Hearts,41913,Xion,xion,//images.igdb.com/igdb/image/upload/t_cover_big/cob4wb.webp
Kingdom Hearts,228340,Tsurugihime,tsurugihime,//images.igdb.com/igdb/image/upload/t_cover_big/coawjf.webp
Kingdom Hearts,297743,Spellbook Demonslayers NSFW,spellbook-demonslayers-nsfw,//images.igdb.com/igdb/image/upload/t_cover_big/coanv7.webp
Kingdom Hearts,108034,BattleBlade,battleblade,//images.igdb.com/igdb/image/upload/t_cover_big/co3lzp.webp
Kingdom Hearts,366126,Life's a Beach,lifes-a-beach,//images.igdb.com/igdb/image/upload/t_cover_big/coaf9q.webp
Final Fantasy,158980,Final Fantasy,final-fantasy--3,//images.igdb.com/igdb/image/upload/t_cover_big/co6pl8.webp
Final Fantasy,359,Final Fantasy XV,final-fantasy-xv,//images.igdb.com/igdb/image/upload/t_cover_big/ar5bp2.webp
Final Fantasy,384,Final Fantasy XIII-2,final-fantasy-xiii-2,//images.igdb.com/igdb/image/upload/t_cover_big/ar5u6q.webp
Final Fantasy,386,Final Fantasy XIV Online,final-fantasy-xiv-online--1,//images.igdb.com/igdb/image/upload/t_cover_big/ar5ekt.webp
Final Fantasy,389,Final Fantasy XIII,final-fantasy-xiii,//images.igdb.com/igdb/image/upload/t_cover_big/ar5jg7.webp
Final Fantasy,399,Final Fantasy IV,final-fantasy-iv,//images.igdb.com/igdb/image/upload/t_cover_big/co2y76.webp
Final Fantasy,7399,Final Fantasy Type-0 HD,final-fantasy-type-0-hd,//images.igdb.com/igdb/image/upload/t_cover_big/co9er5.webp
Final Fantasy,14144,Final Fantasy X/X-2 HD Remaster,final-fantasy-x-slash-x-2-hd-remaster,//images.igdb.com/igdb/image/upload/t_cover_big/co2zpl.webp
Final Fantasy,19455,Final Fantasy XII: The Zodiac Age,final-fantasy-xii-the-zodiac-age,//images.igdb.com/igdb/image/upload/t_cover_big/co2g6o.webp
Final Fantasy,26625,Final Fantasy XIV: Stormblood,final-fantasy-xiv-stormblood,//images.igdb.com/igdb/image/upload/t_cover_big/ar5ccu.webp
Final Fantasy,31551,Final Fantasy XVI,final-fantasy-xvi,//images.igdb.com/igdb/image/upload/t_cover_big/ar5e1j.webp
Final Fantasy,55034,Final Fantasy XV: Windows Edition,final-fantasy-xv-windows-edition,//images.igdb.com/igdb/image/upload/t_cover_big/co205r.webp
Final Fantasy,76430,Final Fantasy XV: Episode Ardyn,final-fantasy-xv-episode-ardyn,//images.igdb.com/igdb/image/upload/t_cover_big/cobj21.webp
Final Fantasy,90563,Final Fantasy XI: Ultimate Collection - Seekers Edition,final-fantasy-xi-ultimate-collection-seekers-edition,//images.igdb.com/igdb/image/upload/t_cover_big/co1vr4.webp
Final Fantasy,106819,Final Fantasy XIV: Complete Edition,final-fantasy-xiv-complete-edition,//images.igdb.com/igdb/image/upload/t_cover_big/co9heg.webp
Final Fantasy,112412,Final Fantasy XIV: Shadowbringers,final-fantasy-xiv-shadowbringers,//images.igdb.com/igdb/image/upload/t_cover_big/ar5ccz.webp
Final Fantasy,119374,Final Fantasy VIII Remastered,final-fantasy-viii-remastered,//images.igdb.com/igdb/image/upload/t_cover_big/cobktf.webp
Final Fantasy,133236,Final Fantasy VII Rebirth,final-fantasy-vii-rebirth,//images.igdb.com/igdb/image/upload/t_cover_big/ar58fq.webp
Final Fantasy,143232,Final Fantasy XIV: Endwalker,final-fantasy-xiv-endwalker,//images.igdb.com/igdb/image/upload/t_cover_big/ar5el4.webp
Final Fantasy,144024,Final Fantasy VII Remake Intergrade,final-fantasy-vii-remake-intergrade,//images.igdb.com/igdb/image/upload/t_cover_big/ar58fp.webp
Zelda,116892,Skjoldur Story,skjoldur-story,//images.igdb.com/igdb/image/upload/t_cover_big/co41lw.webp
Zelda,187660,Spirittracker,spirittracker,//images.igdb.com/igdb/image/upload/t_cover_big/co5nwa.webp
Zelda,28267,Spiritual Warfare & Wisdom Tree Collection,spiritual-warfare-and-wisdom-tree-collection,//images.igdb.com/igdb/image/upload/t_cover_big/coa23u.webp
Zelda,121791,Dwerve,dwerve,//images.igdb.com/igdb/image/upload/t_cover_big/co2fwy.webp
Zelda,190247,The Legends of Tynedale,the-legends-of-tynedale,//images.igdb.com/igdb/image/upload/t_cover_big/co5n77.webp
Zelda,219526,Try Again,try-again--1,//images.igdb.com/igdb/image/upload/t_cover_big/co5k2p.webp
Zelda,226193,Bot World,bot-world,//images.igdb.com/igdb/image/upload/t_cover_big/co7gmz.webp
Zelda,249899,Limos' Lair,limos-lair,//images.igdb.com/igdb/image/upload/t_cover_big/co6hws.webp
Zelda,273591,Breadman,breadman,//images.igdb.com/igdb/image/upload/t_cover_big/co7a2w.webp
Zelda,292298,Graytail,graytail,//images.igdb.com/igdb/image/upload/t_cover_big/cobd5f.webp
Zelda,332451,El Salar,el-salar,//images.igdb.com/igdb/image/upload/t_cover_big/co9fim.webp
Zelda,398489,Max Savage,max-savage,//images.igdb.com/igdb/image/upload/t_cover_big/cobzl8.webp
Zelda,383269,Spooky Monkey,spooky-monkey,//images.igdb.com/igdb/image/upload/t_cover_big/cob57m.webp
Zelda,115258,Mistero a Villa MilaFlora,mistero-a-villa-milaflora,//images.igdb.com/igdb/image/upload/t_cover_big/cobpss.webp
Zelda,19304,Epoch,epoch--2,//images.igdb.com/igdb/image/upload/t_cover_big/coatdi.webp
Zelda,21767,The Count Lucanor,the-count-lucanor,//images.igdb.com/igdb/image/upload/t_cover_big/co26z2.webp
Zelda,36716,Shotgun Legend,shotgun-legend,//images.igdb.com/igdb/image/upload/t_cover_big/co24sv.webp
Zelda,107024,Ancient Abyss,ancient-abyss,//images.igdb.com/igdb/image/upload/t_cover_big/co2noy.webp
Zelda,118873,Baldo: The Guardian Owls,baldo-the-guardian-owls,//images.igdb.com/igdb/image/upload/t_cover_big/co3ogg.webp
Zelda,126209,What's Left,whats-left,//images.igdb.com/igdb/image/upload/t_cover_big/co3n52.webp
Mario,16903,Krautscape,krautscape,//images.igdb.com/igdb/image/upload/t_cover_big/co4536.webp
Mario,18239,Plug & Play,plug-and-play,//images.igdb.com/igdb/image/upload/t_cover_big/co2ezc.webp
Mario,88178,7 Soccer: a sci-fi soccer tale,7-soccer-a-sci-fi-soccer-tale,//images.igdb.com/igdb/image/upload/t_cover_big/co28rg.webp
Mario,187368,Jules,jules,//images.igdb.com/igdb/image/upload/t_cover_big/co5g03.webp
Mario,190137,Donut Arena,donut-arena,//images.igdb.com/igdb/image/upload/t_cover_big/co5gza.webp
Mario,212826,Neutrino,neutrino,//images.igdb.com/igdb/image/upload/t_cover_big/co5jp8.webp
Mario,219557,Suspicious Shuffle,suspicious-shuffle,//images.igdb.com/igdb/image/upload/t_cover_big/co5evy.webp
Mario,341116,Unforgivable,unforgivable--1,//images.igdb.com/igdb/image/upload/t_cover_big/co9pe7.webp
Mario,350602,Oxidus Tales,oxidus-tales,//images.igdb.com/igdb/image/upload/t_cover_big/coa0wh.webp
Mario,378051,Testimony: Metal Graveyard,testimony-metal-graveyard,//images.igdb.com/igdb/image/upload/t_cover_big/coauz6.webp
Mario,41970,MarionetteAI,marionetteai,https://krakenkeys.com/storage/images/missing_game_art.png
Mario,152979,Marionette lab,marionette-lab,//images.igdb.com/igdb/image/upload/t_cover_big/co5j4p.webp
Mario,245752,Marionette Mates,marionette-mates,//images.igdb.com/igdb/image/upload/t_cover_big/co6rhr.webp
Mario,261692,Marionette Eden Breakers,marionette-eden-breakers,//images.igdb.com/igdb/image/upload/t_cover_big/co6xwf.webp
Mario,299163,Gunbird,gunbird--1,//images.igdb.com/igdb/image/upload/t_cover_big/co86p9.webp
Mario,272692,Marionetes,marionetes,//images.igdb.com/igdb/image/upload/t_cover_big/co7998.webp
Mario,336905,Marion Surgical Robot Game,marion-surgical-robot-game,//images.igdb.com/igdb/image/upload/t_cover_big/coa3ju.webp
Mario,352988,Mariole,mariole,https://krakenkeys.com/storage/images/missing_game_art.png
Mario,364594,RoboDoc Jr.,robodoc-jr,//images.igdb.com/igdb/image/upload/t_cover_big/coadp3.webp
Mario,274040,Lorenzo the Runner,lorenzo-the-runner,//images.igdb.com/igdb/image/upload/t_cover_big/co7c7o.webp
God of war,19560,God of War,god-of-war--1,//images.igdb.com/igdb/image/upload/t_cover_big/cobkt6.webp
God of war,112875,God of War Ragnarök,god-of-war-ragnarok,//images.igdb.com/igdb/image/upload/t_cover_big/coba3d.webp
God of war,222603,God of War Ragnarök: Digital Deluxe Edition,god-of-war-ragnarok-digital-deluxe-edition,//images.igdb.com/igdb/image/upload/t_cover_big/co5mkc.webp
God of war,162061,"Romance of the Three Kingdoms XIII: Additional Scenario - The God of War, Surrounded",romance-of-the-three-kingdoms-xiii-additional-scenario-the-god-of-war-surrounded,https://krakenkeys.com/storage/images/missing_game_art.png
God of war,344288,Final Zone,final-zone--1,//images.igdb.com/igdb/image/upload/t_cover_big/co9txt.webp
God of war,127696,An Odyssey: Echoes of War,an-odyssey-echoes-of-war,//images.igdb.com/igdb/image/upload/t_cover_big/co3ljf.webp
God of war,282175,Kong Fu Legend: God of War,kong-fu-legend-god-of-war,//images.igdb.com/igdb/image/upload/t_cover_big/co7lov.webp
God of war,294271,Martial Arts: God of War,martial-arts-god-of-war,//images.igdb.com/igdb/image/upload/t_cover_big/co7zs8.webp
God of war,168094,Nobunaga's Ambition: Sphere of Influence - Scenario 2: God of War Descends,nobunagas-ambition-sphere-of-influence-scenario-2-god-of-war-descends,https://krakenkeys.com/storage/images/missing_game_art.png
God of war,32821,12 Labours of Hercules V: Kids of Hellas,12-labours-of-hercules-v-kids-of-hellas,//images.igdb.com/igdb/image/upload/t_cover_big/co1tkv.webp
God of war,164333,Blackthorn Arena: Gods of War,blackthorn-arena-gods-of-war,//images.igdb.com/igdb/image/upload/t_cover_big/co7kab.webp
God of war,199345,Legend of Rome: The Wrath of Mars,legend-of-rome-the-wrath-of-mars,//images.igdb.com/igdb/image/upload/t_cover_big/co5iup.webp
God of war,360665,Argonauts Agency: Ares Games,argonauts-agency-ares-games,//images.igdb.com/igdb/image/upload/t_cover_big/coa9lf.webp
God of war,28417,Legend of Ares,legend-of-ares,//images.igdb.com/igdb/image/upload/t_cover_big/co2bv5.webp
God of war,345146,Shrouded Aspect,shrouded-aspect,//images.igdb.com/igdb/image/upload/t_cover_big/co9uo9.webp
God of war,18112,Kingdom Under Fire: A War of Heroes,kingdom-under-fire-a-war-of-heroes,//images.igdb.com/igdb/image/upload/t_cover_big/co2c3s.webp
God of war,36707,The Fidelio Incident,the-fidelio-incident,//images.igdb.com/igdb/image/upload/t_cover_big/co222y.webp
God of war,148965,"Warhammer 40,000: Gladius - Relics of War: Craftworld Aeldari",warhammer-40000-gladius-relics-of-war-craftworld-aeldari,//images.igdb.com/igdb/image/upload/t_cover_big/co3dwy.webp
God of war,7223,Two Worlds II,two-worlds-ii,//images.igdb.com/igdb/image/upload/t_cover_big/co21m8.webp
God of war,138197,Kingdoms of Amalur: Re-Reckoning - Fatesworn,kingdoms-of-amalur-re-reckoning-fatesworn,//images.igdb.com/igdb/image/upload/t_cover_big/co2frk.webp
Grand Theft Auto,980,Grand Theft Auto,grand-theft-auto,//images.igdb.com/igdb/image/upload/t_cover_big/co2lb0.webp
Grand Theft Auto,730,Grand Theft Auto III,grand-theft-auto-iii,//images.igdb.com/igdb/image/upload/t_cover_big/co2lb8.webp
Grand Theft Auto,731,Grand Theft Auto IV,grand-theft-auto-iv,//images.igdb.com/igdb/image/upload/t_cover_big/co2lbv.webp
Grand Theft Auto,732,Grand Theft Auto: San Andreas,grand-theft-auto-san-andreas,//images.igdb.com/igdb/image/upload/t_cover_big/co2lb9.webp
Grand Theft Auto,733,Grand Theft Auto: Vice City,grand-theft-auto-vice-city,//images.igdb.com/igdb/image/upload/t_cover_big/co2lbb.webp
Grand Theft Auto,819,Grand Theft Auto 2,grand-theft-auto-2,//images.igdb.com/igdb/image/upload/t_cover_big/co2lb2.webp
Grand Theft Auto,1020,Grand Theft Auto V,grand-theft-auto-v,//images.igdb.com/igdb/image/upload/t_cover_big/co2lbd.webp
Grand Theft Auto,7003,Grand Theft Auto: Episodes from Liberty City,grand-theft-auto-episodes-from-liberty-city,//images.igdb.com/igdb/image/upload/t_cover_big/co2lbe.webp
Grand Theft Auto,27912,Grand Theft Auto IV: Complete Edition,grand-theft-auto-iv-complete-edition,//images.igdb.com/igdb/image/upload/t_cover_big/co1twe.webp
Grand Theft Auto,178123,Grand Theft Auto III: The Definitive Edition,grand-theft-auto-iii-the-definitive-edition,//images.igdb.com/igdb/image/upload/t_cover_big/co65yy.webp
Grand Theft Auto,178125,Grand Theft Auto: Vice City - The Definitive Edition,grand-theft-auto-vice-city-the-definitive-edition,//images.igdb.com/igdb/image/upload/t_cover_big/co65yz.webp
Grand Theft Auto,178126,Grand Theft Auto: San Andreas - The Definitive Edition,grand-theft-auto-san-andreas-the-definitive-edition,//images.igdb.com/igdb/image/upload/t_cover_big/co65z0.webp
Grand Theft Auto,334254,Grand Theft Auto V Enhanced,grand-theft-auto-v-enhanced--2,//images.igdb.com/igdb/image/upload/t_cover_big/co9hz1.webp
Grand Theft Auto,334647,Grand Theft Auto V Enhanced,grand-theft-auto-v-enhanced--3,//images.igdb.com/igdb/image/upload/t_cover_big/co9ib0.webp
Grand Theft Auto,239064,Grand Theft Auto V,grand-theft-auto-v--2,//images.igdb.com/igdb/image/upload/t_cover_big/co9751.webp
Grand Theft Auto,346467,Streatham Hill Stories,streatham-hill-stories,//images.igdb.com/igdb/image/upload/t_cover_big/co9vzr.webp
Grand Theft Auto,410456,Grand Theft Timeline,grand-theft-timeline,//images.igdb.com/igdb/image/upload/t_cover_big/cocjcm.webp
Grand Theft Auto,240051,Conur Life,conur-life,//images.igdb.com/igdb/image/upload/t_cover_big/co67q5.webp
Grand Theft Auto,11315,NotTheNameWeWanted,notthenamewewanted,//images.igdb.com/igdb/image/upload/t_cover_big/co4r76.webp
Grand Theft Auto,18075,Carmageddon: Max Damage,carmageddon-max-damage,//images.igdb.com/igdb/image/upload/t_cover_big/co2pnm.webp
Need For Speed,10965,Need for Speed,need-for-speed,//images.igdb.com/igdb/image/upload/t_cover_big/co20a2.webp
Need For Speed,101,Need for Speed: Undercover,need-for-speed-undercover,//images.igdb.com/igdb/image/upload/t_cover_big/co209n.webp
Need For Speed,102,Need for Speed: Shift,need-for-speed-shift,//images.igdb.com/igdb/image/upload/t_cover_big/co209o.webp
Need For Speed,105,Need for Speed: Hot Pursuit,need-for-speed-hot-pursuit,//images.igdb.com/igdb/image/upload/t_cover_big/co2h9s.webp
Need For Speed,2074,Need for Speed: Rivals,need-for-speed-rivals,//images.igdb.com/igdb/image/upload/t_cover_big/co20a3.webp
Need For Speed,3193,Need for Speed: Most Wanted,need-for-speed-most-wanted-53b9fef3-adb4-41a0-8ca0-ffcbb0060467,//images.igdb.com/igdb/image/upload/t_cover_big/co20a5.webp
Need For Speed,7115,Need for Speed: Shift 2 Unleashed,need-for-speed-shift-2-unleashed,//images.igdb.com/igdb/image/upload/t_cover_big/co20a7.webp
Need For Speed,21696,Need for Speed: Hot Pursuit - Limited Edition,need-for-speed-hot-pursuit-limited-edition,//images.igdb.com/igdb/image/upload/t_cover_big/co2h9t.webp
Need For Speed,23161,Need for Speed: Payback - Deluxe Edition,need-for-speed-payback-deluxe-edition,//images.igdb.com/igdb/image/upload/t_cover_big/co209z.webp
Need For Speed,36662,Need for Speed: Payback,need-for-speed-payback,//images.igdb.com/igdb/image/upload/t_cover_big/co209y.webp
Need For Speed,117321,Need for Speed: Most Wanted Terminal Velocity Pack,need-for-speed-most-wanted-terminal-velocity-pack,//images.igdb.com/igdb/image/upload/t_cover_big/co2319.webp
Need For Speed,119161,Need for Speed: Heat,need-for-speed-heat,//images.igdb.com/igdb/image/upload/t_cover_big/coar0x.webp
Need For Speed,136012,Need for Speed: Heat - Deluxe Edition,need-for-speed-heat-deluxe-edition,//images.igdb.com/igdb/image/upload/t_cover_big/co5q3r.webp
Need For Speed,139346,Need for Speed: Hot Pursuit - Remastered,need-for-speed-hot-pursuit-remastered,//images.igdb.com/igdb/image/upload/t_cover_big/co2nhk.webp
Need For Speed,140381,Need for Speed: Heat - McLaren F1 Black Market Delivery,need-for-speed-heat-mclaren-f1-black-market-delivery,//images.igdb.com/igdb/image/upload/t_cover_big/co2j7z.webp
Need For Speed,219442,Need for Speed: Unbound,need-for-speed-unbound,//images.igdb.com/igdb/image/upload/t_cover_big/co5fsv.webp
Need For Speed,225944,Need for Speed: Payback - Pontiac Firebird & Aston Martin DB5 Superbuild Bundle,need-for-speed-payback-pontiac-firebird-and-aston-martin-db5-superbuild-bundle,//images.igdb.com/igdb/image/upload/t_cover_big/co5s92.webp
Need For Speed,254272,Need for Speed: Unbound - Robojets Swag Pack,need-for-speed-unbound-robojets-swag-pack,//images.igdb.com/igdb/image/upload/t_cover_big/co9axp.webp
Need For Speed,254273,Need for Speed: Unbound - Ford Mustang GT Legendary Custom Pack,need-for-speed-unbound-ford-mustang-gt-legendary-custom-pack,//images.igdb.com/igdb/image/upload/t_cover_big/co9axo.webp
Need For Speed,271922,Need for Speed Unbound: Vol.5 Customs Pack,need-for-speed-unbound-vol-dot-5-customs-pack,//images.igdb.com/igdb/image/upload/t_cover_big/co78fm.webp
Age of Empire,299,Age of Empires III,age-of-empires-iii,//images.igdb.com/igdb/image/upload/t_cover_big/co1xy6.webp
Age of Empire,5571,Age of Empires: Online,age-of-empires-online,//images.igdb.com/igdb/image/upload/t_cover_big/co1xy0.webp
Age of Empire,9951,Age of Empires II: HD Edition - The Forgotten,age-of-empires-ii-hd-edition-the-forgotten--1,//images.igdb.com/igdb/image/upload/t_cover_big/co2xg8.webp
Age of Empire,28723,Age of Empires III: Complete Collection,age-of-empires-iii-complete-collection,//images.igdb.com/igdb/image/upload/t_cover_big/co1s8r.webp
Age of Empire,37059,Age of Empires: Definitive Edition,age-of-empires-definitive-edition,//images.igdb.com/igdb/image/upload/t_cover_big/co1rdy.webp
Age of Empire,55029,Age of Empires IV,age-of-empires-iv,//images.igdb.com/igdb/image/upload/t_cover_big/co39tg.webp
Age of Empire,55056,Age of Empires II: Definitive Edition,age-of-empires-ii-definitive-edition,//images.igdb.com/igdb/image/upload/t_cover_big/coar0y.webp
Age of Empire,55057,Age of Empires III: Definitive Edition,age-of-empires-iii-definitive-edition,//images.igdb.com/igdb/image/upload/t_cover_big/co2fin.webp
Age of Empire,68158,Age of Empires II: HD Edition - The African Kingdoms,age-of-empires-ii-hd-edition-the-african-kingdoms--1,//images.igdb.com/igdb/image/upload/t_cover_big/co2xgk.webp
Age of Empire,75298,Age of Empires II: HD Edition - Rise of the Rajas,age-of-empires-ii-hd-edition-rise-of-the-rajas,//images.igdb.com/igdb/image/upload/t_cover_big/co2xgm.webp
Age of Empire,164610,Age of Empires III: Definitive Edition - The African Royals,age-of-empires-iii-definitive-edition-the-african-royals,//images.igdb.com/igdb/image/upload/t_cover_big/co8i5s.webp
Age of Empire,197890,Age of Empires II: Definitive Edition - Dynasties of India,age-of-empires-ii-definitive-edition-dynasties-of-india,//images.igdb.com/igdb/image/upload/t_cover_big/co4yca.webp
Age of Empire,202424,Age of Empires III: Definitive Edition - Knights of the Mediterranean,age-of-empires-iii-definitive-edition-knights-of-the-mediterranean,//images.igdb.com/igdb/image/upload/t_cover_big/co8jbi.webp
Age of Empire,247155,Age of Empires II: Definitive Edition - Return of Rome,age-of-empires-ii-definitive-edition-return-of-rome,//images.igdb.com/igdb/image/upload/t_cover_big/co6f6q.webp
Age of Empire,342809,Age of Empires II: Definitive Edition - The Three Kingdoms,age-of-empires-ii-definitive-edition-the-three-kingdoms,//images.igdb.com/igdb/image/upload/t_cover_big/co9rvg.webp
Age of Empire,369166,Age of Empires II: Definitive Edition - Chronicles: Alexander the Great,age-of-empires-ii-definitive-edition-chronicles-alexander-the-great,//images.igdb.com/igdb/image/upload/t_cover_big/coaoxe.webp
Age of Empire,400928,Age of Empires IV: Yue Fei's Legacy,age-of-empires-iv-yue-feis-legacy,//images.igdb.com/igdb/image/upload/t_cover_big/coc6qz.webp
Age of Empire,408535,Age of Empires Mobile: PC Edition,age-of-empires-mobile-pc-edition,//images.igdb.com/igdb/image/upload/t_cover_big/cocc2n.webp
Age of Empire,2950,Age of Empires II: HD Edition,age-of-empires-ii-hd-edition,//images.igdb.com/igdb/image/upload/t_cover_big/co1xxx.webp
Age of Empire,142200,Age of Empires II: Definitive Edition - Lords of the West,age-of-empires-ii-definitive-edition-lords-of-the-west,//images.igdb.com/igdb/image/upload/t_cover_big/co2nwb.webp
Civilization,19130,Sid Meier's Civilization VI,sid-meiers-civilization-vi,//images.igdb.com/igdb/image/upload/t_cover_big/coaaqr.webp
Civilization,52806,Sid Meier's Civilization V: Scrambled Continents,sid-meiers-civilization-v-scrambled-continents,//images.igdb.com/igdb/image/upload/t_cover_big/co8hgl.webp
Civilization,143715,Vessels of Decay,vessels-of-decay,//images.igdb.com/igdb/image/upload/t_cover_big/co9s0r.webp
Civilization,267069,Civilization Simulator,civilization-simulator,//images.igdb.com/igdb/image/upload/t_cover_big/co73eu.webp
Civilization,315425,Federation Mycha,federation-mycha,//images.igdb.com/igdb/image/upload/t_cover_big/co8tr3.webp
Civilization,380369,Carmagist,carmagist,//images.igdb.com/igdb/image/upload/t_cover_big/coay1d.webp
Civilization,403548,Sovereign's End,sovereigns-end,//images.igdb.com/igdb/image/upload/t_cover_big/coc4xx.webp
Civilization,10345,Galactic Civilizations III,galactic-civilizations-iii,//images.igdb.com/igdb/image/upload/t_cover_big/co1s9e.webp
Civilization,14686,Sproggiwood,sproggiwood,//images.igdb.com/igdb/image/upload/t_cover_big/co221j.webp
Civilization,16863,Lost Civilization,lost-civilization,//images.igdb.com/igdb/image/upload/t_cover_big/co21bq.webp
Civilization,21353,Galactic Civilizations II: Endless Universe,galactic-civilizations-ii-endless-universe,//images.igdb.com/igdb/image/upload/t_cover_big/coa52r.webp
Civilization,27054,Galactic Civilizations III: Crusade,galactic-civilizations-iii-crusade,//images.igdb.com/igdb/image/upload/t_cover_big/co212z.webp
Civilization,29383,Age of Rivals,age-of-rivals,//images.igdb.com/igdb/image/upload/t_cover_big/co22n1.webp
Civilization,31888,PostCollapse,postcollapse,//images.igdb.com/igdb/image/upload/t_cover_big/co8gev.webp
Civilization,34042,Idle Civilization,idle-civilization,//images.igdb.com/igdb/image/upload/t_cover_big/graydmbvy0j9xltuln4g.webp
Civilization,65827,Bronze Age,bronze-age,//images.igdb.com/igdb/image/upload/t_cover_big/co230f.webp
Civilization,76420,Sid Meier's Civilization VI: Rise and Fall,sid-meiers-civilization-vi-rise-and-fall,//images.igdb.com/igdb/image/upload/t_cover_big/co4h3z.webp
Civilization,83809,Galactic Civilizations III: Intrigue,galactic-civilizations-iii-intrigue,//images.igdb.com/igdb/image/upload/t_cover_big/co212y.webp
Civilization,91355,Rogue Planet,rogue-planet,//images.igdb.com/igdb/image/upload/t_cover_big/co47a5.webp
Civilization,109392,Antiquitas,antiquitas,//images.igdb.com/igdb/image/upload/t_cover_big/co3lk5.webp
Fallout,13,Fallout: A Post Nuclear Role Playing Game,fallout-a-post-nuclear-role-playing-game,//images.igdb.com/igdb/image/upload/t_cover_big/co1ybn.webp
Fallout,14,Fallout 2,fallout-2,//images.igdb.com/igdb/image/upload/t_cover_big/co8ado.webp
Fallout,15,Fallout 3,fallout-3,//images.igdb.com/igdb/image/upload/t_cover_big/co1ycw.webp
Fallout,16,Fallout: New Vegas,fallout-new-vegas,//images.igdb.com/igdb/image/upload/t_cover_big/co1u60.webp
Fallout,17,Fallout Tactics: Brotherhood of Steel,fallout-tactics-brotherhood-of-steel,//images.igdb.com/igdb/image/upload/t_cover_big/co1ybr.webp
Fallout,9630,Fallout 4,fallout-4,//images.igdb.com/igdb/image/upload/t_cover_big/co1yc6.webp
Fallout,10299,Fallout 3: Broken Steel,fallout-3-broken-steel,//images.igdb.com/igdb/image/upload/t_cover_big/coax55.webp
Fallout,10300,Fallout 3: Mothership Zeta,fallout-3-mothership-zeta,//images.igdb.com/igdb/image/upload/t_cover_big/co7ktg.webp
Fallout,10301,Fallout 3: Operation Anchorage,fallout-3-operation-anchorage,//images.igdb.com/igdb/image/upload/t_cover_big/co2x85.webp
Fallout,10302,Fallout 3: Point Lookout,fallout-3-point-lookout,//images.igdb.com/igdb/image/upload/t_cover_big/co2x84.webp
Fallout,10303,Fallout 3: The Pitt,fallout-3-the-pitt,//images.igdb.com/igdb/image/upload/t_cover_big/co7ktf.webp
Fallout,10304,Fallout: New Vegas - Dead Money,fallout-new-vegas-dead-money,//images.igdb.com/igdb/image/upload/t_cover_big/co7dt4.webp
Fallout,10305,Fallout: New Vegas - Honest Hearts,fallout-new-vegas-honest-hearts,//images.igdb.com/igdb/image/upload/t_cover_big/co7dt5.webp
Fallout,10306,Fallout: New Vegas - Old World Blues,fallout-new-vegas-old-world-blues,//images.igdb.com/igdb/image/upload/t_cover_big/co7dt6.webp
Fallout,10307,Fallout: New Vegas - Lonesome Road,fallout-new-vegas-lonesome-road,//images.igdb.com/igdb/image/upload/t_cover_big/co7dt7.webp
Fallout,11119,Fallout Shelter,fallout-shelter,//images.igdb.com/igdb/image/upload/t_cover_big/cocjqz.webp
Fallout,18029,Fallout 4: Automatron,fallout-4-automatron,//images.igdb.com/igdb/image/upload/t_cover_big/ar5k67.webp
Fallout,18030,Fallout 4: Wasteland Workshop,fallout-4-wasteland-workshop,//images.igdb.com/igdb/image/upload/t_cover_big/co691p.webp
Fallout,18031,Fallout 4: Far Harbor,fallout-4-far-harbor,//images.igdb.com/igdb/image/upload/t_cover_big/cob5zr.webp
Fallout,19532,Fallout 4: Contraptions Workshop,fallout-4-contraptions-workshop,//images.igdb.com/igdb/image/upload/t_cover_big/co691o.webp
Elder Scrolls,52,The Elder Scrolls: Arena,the-elder-scrolls-arena,//images.igdb.com/igdb/image/upload/t_cover_big/co2knc.webp
Elder Scrolls,53,The Elder Scrolls II: Daggerfall,the-elder-scrolls-ii-daggerfall,//images.igdb.com/igdb/image/upload/t_cover_big/co1yan.webp
Elder Scrolls,54,An Elder Scrolls Legend: Battlespire,an-elder-scrolls-legend-battlespire,//images.igdb.com/igdb/image/upload/t_cover_big/co53qh.webp
Elder Scrolls,55,The Elder Scrolls Adventures: Redguard,the-elder-scrolls-adventures-redguard,//images.igdb.com/igdb/image/upload/t_cover_big/co53qi.webp
Elder Scrolls,56,The Elder Scrolls III: Morrowind,the-elder-scrolls-iii-morrowind,//images.igdb.com/igdb/image/upload/t_cover_big/co2knd.webp
Elder Scrolls,59,The Elder Scrolls IV: Oblivion,the-elder-scrolls-iv-oblivion,//images.igdb.com/igdb/image/upload/t_cover_big/co8fpz.webp
Elder Scrolls,472,The Elder Scrolls V: Skyrim,the-elder-scrolls-v-skyrim,//images.igdb.com/igdb/image/upload/t_cover_big/ar5vli.webp
Elder Scrolls,1081,The Elder Scrolls Online,the-elder-scrolls-online,//images.igdb.com/igdb/image/upload/t_cover_big/co9nt3.webp
Elder Scrolls,2992,The Elder Scrolls V: Skyrim - Dawnguard,the-elder-scrolls-v-skyrim-dawnguard,//images.igdb.com/igdb/image/upload/t_cover_big/co21lv.webp
Elder Scrolls,6068,The Elder Scrolls V: Skyrim - Hearthfire,the-elder-scrolls-v-skyrim-hearthfire,//images.igdb.com/igdb/image/upload/t_cover_big/co21lx.webp
Elder Scrolls,6069,The Elder Scrolls V: Skyrim - Dragonborn,the-elder-scrolls-v-skyrim-dragonborn,//images.igdb.com/igdb/image/upload/t_cover_big/co21lw.webp
Elder Scrolls,11120,The Elder Scrolls: Legends,the-elder-scrolls-legends,//images.igdb.com/igdb/image/upload/t_cover_big/co3woi.webp
Elder Scrolls,19457,The Elder Scrolls V: Skyrim - Special Edition,the-elder-scrolls-v-skyrim-special-edition,//images.igdb.com/igdb/image/upload/t_cover_big/co1vco.webp
Elder Scrolls,23477,The Elder Scrolls Online: Orsinium,the-elder-scrolls-online-orsinium,//images.igdb.com/igdb/image/upload/t_cover_big/co1wxo.webp
Elder Scrolls,24775,The Elder Scrolls III: Morrowind - Game of the Year Edition,the-elder-scrolls-iii-morrowind-game-of-the-year-edition,//images.igdb.com/igdb/image/upload/t_cover_big/co1ycf.webp
Elder Scrolls,24784,The Elder Scrolls Online: Gold Edition,the-elder-scrolls-online-gold-edition,//images.igdb.com/igdb/image/upload/t_cover_big/co9fm8.webp
Elder Scrolls,27030,The Elder Scrolls Online: Morrowind,the-elder-scrolls-online-morrowind,//images.igdb.com/igdb/image/upload/t_cover_big/co1yck.webp
Elder Scrolls,27844,The Elder Scrolls IV: Oblivion - Game of the Year Edition Deluxe,the-elder-scrolls-iv-oblivion-game-of-the-year-edition-deluxe,//images.igdb.com/igdb/image/upload/t_cover_big/co7ymf.webp
Elder Scrolls,27845,The Elder Scrolls IV: Oblivion - Game of the Year Edition,the-elder-scrolls-iv-oblivion-game-of-the-year-edition,//images.igdb.com/igdb/image/upload/t_cover_big/co1ycb.webp
Elder Scrolls,37088,The Elder Scrolls V: Skyrim VR,the-elder-scrolls-v-skyrim-vr,//images.igdb.com/igdb/image/upload/t_cover_big/co1tci.webp
Xenoblade,28526,Edge of Eternity,edge-of-eternity,//images.igdb.com/igdb/image/upload/t_cover_big/co8q9v.webp
Xenoblade,68287,Left Alive,left-alive,//images.igdb.com/igdb/image/upload/t_cover_big/co5wps.webp
Xenoblade,202850,Trinity Trigger,trinity-trigger,//images.igdb.com/igdb/image/upload/t_cover_big/coaw3h.webp
Xenoblade,55687,Torn Familjen,torn-familjen,https://krakenkeys.com/storage/images/missing_game_art.png
Xenoblade,132507,Sol-Hel,sol-hel,//images.igdb.com/igdb/image/upload/t_cover_big/co41rk.webp
Xenoblade,295815,Eclipse of Elysium,eclipse-of-elysium,//images.igdb.com/igdb/image/upload/t_cover_big/co81b9.webp
Xenoblade,333201,Edge of Memories,edge-of-memories,//images.igdb.com/igdb/image/upload/t_cover_big/co9gem.webp
Xenoblade,369997,Chronoscript: The Endless End,chronoscript-the-endless-end,//images.igdb.com/igdb/image/upload/t_cover_big/coajy0.webp
Xenoblade,390062,Chronicles Meteorfall,chronicles-meteorfall,//images.igdb.com/igdb/image/upload/t_cover_big/cobjd5.webp
Xenoblade,407795,Beach Defense: Zombie Invasion,beach-defense-zombie-invasion,//images.igdb.com/igdb/image/upload/t_cover_big/cocc18.webp
Xenoblade,133355,XenovaderS,xenovaders,//images.igdb.com/igdb/image/upload/t_cover_big/co3l94.webp
Xenoblade,209133,Alien Xenoblaster,alien-xenoblaster,//images.igdb.com/igdb/image/upload/t_cover_big/co5788.webp
