search_query_original,rawg_id,name,slug,background_image,released,rating
Kingdom Hearts,59184,Kingdom Hearts,kingdom-hearts,https://media.rawg.io/media/games/bc3/bc3c433821089108642a41a3057f92c5.jpg,2002-03-28,4.39
Kingdom Hearts,24329,KINGDOM HEARTS Re:coded,kingdom-hearts-recoded,https://media.rawg.io/media/games/65f/65f4371671478eff172fad8d60653a66.jpg,2010-10-07,3.11
Kingdom Hearts,51324,Kingdom Hearts III,kingdom-hearts-iii,https://media.rawg.io/media/games/968/968e6210715fd61237139e3caa193be0.jpg,2019-01-25,3.86
Kingdom Hearts,127659,Kingdom Hearts II,kingdom-hearts-2,https://media.rawg.io/media/games/92b/92b781d88f6d047b1c61b6e0d157343b.jpg,2005-12-22,4.32
Kingdom Hearts,53357,Kingdom Hearts: Chain of Memories,kingdom-hearts-chain-of-memories,https://media.rawg.io/media/games/0a4/0a45869d5c720cecfd976b76b2fe2fd7.jpg,2004-11-11,3.66
Kingdom Hearts,484501,Kingdom Hearts: Melody of Memory,kingdom-hearts-melody-of-memory,https://media.rawg.io/media/games/fa7/fa7e8ba1bca24d8ac299c8d04a0cef59.jpg,2020-11-13,3.78
Kingdom Hearts,41680,Kingdom Hearts HD 1.5 ReMIX,kingdom-hearts-hd-15-remix,https://media.rawg.io/media/games/287/287abdde7547395c128a5dfe1cd213fd.jpg,2013-03-14,4.4
Kingdom Hearts,42405,Kingdom Hearts HD 2.5 ReMIX,kingdom-hearts-hd-25-remix,https://media.rawg.io/media/games/b54/b542d8ff41fddb6f5dd45aa27bc293c5.jpg,2014-12-02,4.48
Kingdom Hearts,327224,Kingdom Hearts III: Re Mind,kingdom-hearts-iii-re-mind,https://media.rawg.io/media/games/162/162a3a01d1fc1e5829e8a1444137138a.jpg,2020-01-23,3.79
Kingdom Hearts,331009,Kingdom Hearts Re: Chain of Memories,kingdom-hearts-rechain-of-memories,https://media.rawg.io/media/games/4d0/4d005e5885ba56c59ac83110ef8b6b22.jpg,2007-03-27,3.51
Kingdom Hearts,255818,Kingdom Hearts: The Story So Far,kingdom-hearts-the-story-so-far,https://media.rawg.io/media/screenshots/6c5/6c546bb8faa77336f702d107079de62f.jpg,2018-10-30,3.92
Kingdom Hearts,983520,KINGDOM HEARTS -HD 1.5+2.5 ReMIX,kingdom-hearts-hd-1525-remix-2,https://media.rawg.io/media/screenshots/c63/c63dd7138b94cf9b9ee47ac4b7971e3f.jpg,2024-06-13,0.0
Kingdom Hearts,27155,Kingdom Hearts 3D: Dream Drop Distance,kingdom-hearts-3d-dream-drop-distance,https://media.rawg.io/media/screenshots/2ea/2ea2447a772162504ba82c50c2d1ed0a.jpg,2012-07-31,3.77
Kingdom Hearts,69,KINGDOM HEARTS HD 1.5 +2.5 ReMIX,kingdom-hearts-hd-1525-remix,https://media.rawg.io/media/games/c97/c970331a996c14ff50077bd00f9fd3b1.jpg,2017-03-28,4.35
Kingdom Hearts,334412,Kingdom Hearts 3D: Dream Drop Distance HD,kingdom-hearts-dream-drop-distance,https://media.rawg.io/media/screenshots/14d/14d5d443b1482c1d5b48e3cb482b3909.jpg,2017-01-12,3.8
Kingdom Hearts,472,Kingdom Hearts HD 2.8 Final Chapter Prologue,kingdom-hearts-hd-28-final-chapter-prologue,https://media.rawg.io/media/games/531/5310bfdd3240f2c037eebaa75c04c44e.jpg,2017-01-12,4.1
Kingdom Hearts,442845,Kingdom Hearts : Rebirth,kingdom-hearts-rebirth,https://media.rawg.io/media/screenshots/8ed/8ede05d0c9ba349429a234ce0cb15c1a.jpg,2013-04-15,0.0
Kingdom Hearts,279590,KINGDOM HEARTS FINAL MIX,kingdom-hearts-final-mix,https://media.rawg.io/media/screenshots/c51/c516902fde524b694b807e522bdb69e7.jpg,2002-12-26,4.31
Kingdom Hearts,744358,Kingdom Hearts: Alternate Story,kingdom-hearts-alternate-story,https://media.rawg.io/media/screenshots/f0f/f0f1a299b6e85a0faae2454eea170480.jpg,2022-02-23,0.0
Kingdom Hearts,5596,Kingdom Hearts Birth by Sleep,kingdom-hearts-birth-by-sleep,https://media.rawg.io/media/games/f29/f29dfda4bbdfcd5b6d15d408643a2bbd.jpg,2010-01-09,4.36
Final Fantasy,52936,Final Fantasy (1987),final-fantasy-1987,https://media.rawg.io/media/screenshots/656/6566c32aebb7b23af0573091132c2f2c.jpg,1987-12-17,3.74
Final Fantasy,1571,FINAL FANTASY,final-fantasy,https://media.rawg.io/media/screenshots/fa5/fa5bb7cabd8aff744f8d3aa6acf4875a.jpg,2002-10-05,3.79
Final Fantasy,395975,Final Fantasy Anniversary Edition,final-fantasy-anniversary-edition,https://media.rawg.io/media/screenshots/52d/52d694557bcd11d0e980c074123e8f17.jpg,2007-06-12,3.7
Final Fantasy,52943,Final Fantasy IX,final-fantasy-ix,https://media.rawg.io/media/games/826/82626e2d7ee7d96656fb9838c2ef7302.jpg,2000-07-07,4.35
Final Fantasy,1063,FINAL FANTASY VI,final-fantasy-vi,https://media.rawg.io/media/games/98c/98c87b286cd2a2ba942167df384a9bd3.jpg,1994-04-02,4.36
Final Fantasy,259801,Final Fantasy VII,final-fantasy-vii-remake,https://media.rawg.io/media/games/d89/d89bd0cf4fcdc10820892980cbba0f49.jpg,2020-04-10,4.37
Final Fantasy,39530,Final Fantasy XIV,final-fantasy-14,https://media.rawg.io/media/screenshots/8f7/8f73b974f60a58362532440e9183188c.jpg,2010-09-30,4.2
Final Fantasy,1922,FINAL FANTASY V,final-fantasy-v,https://media.rawg.io/media/games/7b1/7b184215cc792ea2abf115f4e566b486.jpg,1992-12-06,4.06
Final Fantasy,5115,FINAL FANTASY VIII,final-fantasy-viii,https://media.rawg.io/media/games/f77/f77510051b6a61decc35c5257193fc9e.jpg,1999-02-11,4.28
Final Fantasy,41128,Final Fantasy X,final-fantasy-10,https://media.rawg.io/media/games/ddc/ddc65c56f16bc3effb8d2645b095a8c5.jpg,2001-07-19,4.38
Final Fantasy,34872,Final Fantasy XI,final-fantasy-11,https://media.rawg.io/media/games/6cc/6ccf7dab7819174130a3f022709e5ae1.jpg,2002-11-07,3.56
Final Fantasy,52949,Final Fantasy Tactics,final-fantasy-tactics,https://media.rawg.io/media/games/30c/30c067f9a6736000c8faf2efe4952a9b.jpg,1997-06-28,4.37
Final Fantasy,52939,Final Fantasy VII (1997),final-fantasy-vii,https://media.rawg.io/media/games/6c0/6c00ee85d1344f58c469e8e47fd8ae7c.jpg,1997-01-31,4.36
Final Fantasy,52935,Final Fantasy II (1988),final-fantasy-ii-1988,https://media.rawg.io/media/games/f29/f29af1b9d00800b26af2a6fda55aa3b9.jpg,1988-12-17,3.35
Final Fantasy,3993,FINAL FANTASY XIII-2,final-fantasy-xiii-2,https://media.rawg.io/media/games/c6f/c6fc62de480c614fed2b88df0155cdcd.jpg,2011-12-15,3.53
Final Fantasy,52937,Final Fantasy IV (1991),final-fantasy-iv-1991,https://media.rawg.io/media/screenshots/cb5/cb5fee4db77e93350719dc151a33d13f.jpg,1991-07-19,4.05
Final Fantasy,308056,Final Fantasy III (1990),final-fantasy-iii-1990,https://media.rawg.io/media/screenshots/b06/b06926ca84cb706538399e778c8a4564.jpg,1990-04-27,3.59
Final Fantasy,283970,Final Fantasy X-2,final-fantasy-x-2,https://media.rawg.io/media/games/336/3369c92ff7d489437dc7d337576db9ac.jpg,2003-03-13,3.55
Final Fantasy,42957,Final Fantasy XIV: Heavensward,final-fantasy-xiv-heavensward,https://media.rawg.io/media/screenshots/b72/b72a7c7ce43b2ac0cd503124d8b02f37.jpg,2015-06-26,4.44
Final Fantasy,327232,Final Fantasy VIII Remastered,final-fantasy-viii-remastered,https://media.rawg.io/media/games/1ac/1ac050b86c87138ce6a3354aa90db894.jpg,2019-09-02,4.15
Zelda,479836,ZELDA (Raul Fernandes),zelda-2,N/A,2020-08-13,0.0
Zelda,924900,Zelda,zelda-4,https://media.rawg.io/media/screenshots/caf/caf15f0938b2a58aa046a2007ad7d4ad.jpg,2023-02-06,0.0
Zelda,53205,Zelda II: The Adventure of Link,zelda-ii-the-adventure-of-link-2,https://media.rawg.io/media/screenshots/2dc/2dcc5b76de63a99799364f962334525f.jpg,1987-01-14,3.31
Zelda,26824,The Legend of Zelda: Skyward Sword,the-legend-of-zelda-skyward-sword,https://media.rawg.io/media/games/884/884d12f527a9a12b5e486ee1b79ecf7f.jpeg,2011-11-20,4.14
Zelda,466577,Zelda's Adventure,zeldas-adventure,https://media.rawg.io/media/games/856/85636bf9dd34778beb20adb5ba651017.jpg,2020-07-12,0.0
Zelda,713367,Zelda- Ticking Pressure,zelda-ticking-pressure,https://media.rawg.io/media/screenshots/39f/39f627ea5f9628e4c0c8bd4e9ef7f741.jpg,2021-12-22,0.0
Zelda,290864,The Legend of Zelda: Four Swords,the-legend-of-zelda-four-swords,https://media.rawg.io/media/screenshots/063/063e24eb22d69c8d4febc5b938a50b57.jpg,2002-12-02,3.89
Zelda,27015,The Legend of Zelda: Twilight Princess,the-legend-of-zelda-twilight-princess,https://media.rawg.io/media/games/dd1/dd167cf8753db3748a975d61cc926e54.jpg,2006-11-19,4.38
Zelda,760646,Zelda Alpha 1.0.0,zelda-alpha-100,https://media.rawg.io/media/screenshots/1d2/1d27f40d98bcde4b50a024a6c8b10bb0.jpg,2022-03-27,0.0
Zelda,323924,Zelda-Like Dungeon,zelda-like-dungeon,https://media.rawg.io/media/screenshots/804/804a68f2ba92c626e26545459b241518.jpg,2019-05-28,0.0
Zelda,104595,Zelda-like FREE,zelda-like-free,https://media.rawg.io/media/screenshots/191/1911742a8e8868dd7b0134f846a461bc.jpg,2014-09-11,0.0
Zelda,25924,The Legend of Zelda: Majora's Mask,the-legend-of-zelda-majoras-mask,https://media.rawg.io/media/games/b3c/b3c209cd49aae8a469a59b79b54dc599.jpg,2000-04-27,4.33
Zelda,23850,The Legend of Zelda: Spirit Tracks,the-legend-of-zelda-spirit-tracks,https://media.rawg.io/media/games/4a1/4a1ed758c53873d6442562f0c772b640.jpeg,2009-12-07,3.91
Zelda,27023,The Legend of Zelda: Phantom Hourglass,the-legend-of-zelda-phantom-hourglass,https://media.rawg.io/media/screenshots/b23/b23b3b0f25b10123c0338cf9f5c8bc12.jpg,2007-10-01,4.04
Zelda,624566,Zelda RPG: Link's Reawakening,zelda-rpg-links-reawakening,https://media.rawg.io/media/screenshots/10a/10a383c77fdcf98d8cbb9ed56cf96b95.jpg,2021-06-20,0.0
Zelda,27256,The Legend of Zelda: Oracle of Ages,the-legend-of-zelda-oracle-of-ages,https://media.rawg.io/media/screenshots/0e0/0e02b3c6aaf4bf6d7a59f8c001bb3fac.jpg,2001-02-27,4.29
Zelda,27418,The Legend of Zelda: The Minish Cap,the-legend-of-zelda-the-minish-cap,https://media.rawg.io/media/games/25d/25d9592abbd02dccd67d83108ae79582.jpg,2004-11-04,4.38
Zelda,983717,The Legend of Zelda: Echoes of Wisdom,the-legend-of-zelda-echoes-of-wisdom,https://media.rawg.io/media/games/ef0/ef095574ebf35dbe30cbb85f3798b4e5.jpg,2024-09-26,4.27
Zelda,713743,Zelda: Monarch Madness,zelda-monarch-madness,https://media.rawg.io/media/screenshots/e0a/e0a457e1a989f6608dc69c3f8f8dd69b.jpg,2021-12-21,0.0
Zelda,27991,The Legend of Zelda: Tri Force Heroes,the-legend-of-zelda-tri-force-heroes,https://media.rawg.io/media/screenshots/eb8/eb82c4b98dacb91d5a5834c7e5570883.jpg,2015-10-23,3.47
Mario,164830,mario,mario,https://media.rawg.io/media/screenshots/1d7/1d75b9d60cb5884a0b19d21df8557c0c.jpg,2018-07-17,0.0
Mario,24919,Mario Bros.,mario-bros,https://media.rawg.io/media/screenshots/f22/f22857f426275f7a09d865a2ad2376b9.jpg,2006-11-19,3.71
Mario,52434,Mario Bros. (1983),mario-bros-1983,https://media.rawg.io/media/games/8ef/8efa90f72b466c632d7f95dd02be5e50.jpg,1983-01-01,3.6
Mario,54439,Mario Tennis (2000),mario-tennis-2000,https://media.rawg.io/media/games/426/42694e52597024bb7f444dd966ce2878.jpg,2000-07-21,4.01
Mario,54433,Mario Golf (1999),mario-golf-1999,https://media.rawg.io/media/screenshots/aba/aba305582ea5fdd51451788ee43077f0.jpg,1999-06-11,3.67
Mario,1000574,Mario Kart World,mario-kart-world,https://media.rawg.io/media/games/1b8/1b8e007c36040ae1f5762a62ba2faeab.jpg,2025-06-05,4.14
Mario,24868,Mario Strikers Charged,mario-strikers-charged,https://media.rawg.io/media/screenshots/bb9/bb9a34f9b3e192e89b5bf8dffd7f2367.jpg,2007-05-25,4.16
Mario,27138,Mario Power Tennis,mario-power-tennis,https://media.rawg.io/media/screenshots/5a2/5a2a41c745ae3120ce01399094b5b5d4.jpg,2004-10-28,4.02
Mario,54435,Mario Kart 64 (1996),mario-kart-64-1996,https://media.rawg.io/media/screenshots/b19/b196fdca25e4df755f6fafd02df158d9.jpg,1996-12-14,4.31
Mario,983876,Mario & Luigi: Brothership,mario-luigi-brothership,https://media.rawg.io/media/screenshots/75c/75c5779488d0334fba5ff8ec65ea7161.jpg,2024-11-07,4.07
Mario,966329,Mario vs. Donkey Kong,mario-vs-donkey-kong-2,https://media.rawg.io/media/games/128/128ba90b057b7c2606b8483a7cfd9960.jpg,2024-02-16,3.67
Mario,736258,Mario Strikers: Battle League,mario-strikers-battle-league,https://media.rawg.io/media/games/7bc/7bc6f95486e6ec39b959dc37a9e8093b.jpg,2022-06-10,3.08
Mario,558973,Mario Golf: Super Rush,mario-golf-super-rush,https://media.rawg.io/media/screenshots/78e/78e89d605b0f4edd14bb53463f476d09.jpg,2021-06-25,3.0
Mario,56099,Mario Golf: Toadstool Tour,mario-golf-toadstool-tour,https://media.rawg.io/media/screenshots/117/117c06f744ca4d9b6076030eb9d0ea52.jpg,2003-07-28,4.09
Mario,56097,Mario Kart: Double Dash,mario-kart-double-dash,https://media.rawg.io/media/games/379/379d8862e9dfccb12bfba3a131d99dd8.png,2003-11-07,4.37
Mario,53392,Mario Kart: Super Circuit (2001),mario-kart-super-circuit,https://media.rawg.io/media/games/243/243ffd01d85cf3db7da6bdeea8f17459.jpg,2001-07-21,3.8
Mario,29185,Mario + Rabbids Kingdom Battle,mario-rabbids-kingdom-battle,https://media.rawg.io/media/games/5be/5befaab8379bd48b8e9b97cc60b0f5e6.jpg,2017-08-29,4.11
Mario,616676,Mario + Rabbids Sparks of Hope,mario-rabbids-sparks-of-hope,https://media.rawg.io/media/games/1fa/1faa976b3f7a43195fa708d9a80e7468.jpg,2022-10-20,3.72
Mario,27392,Mario & Luigi: Superstar Saga,mario-luigi-superstar-saga,https://media.rawg.io/media/games/c48/c488b166259e38d942478c59b7508cdf.jpg,2003-11-17,4.35
Mario,53397,Mario vs. Donkey Kong (2004),mario-vs-donkey-kong,https://media.rawg.io/media/screenshots/e2f/e2fea0a0b7d38d85133980dc2a1b0202.jpg,2004-05-24,3.7
God of war,29179,God of War I,god-of-war,https://media.rawg.io/media/games/1aa/1aa4ca34a8a6bb57a2e065c8332dc230.jpg,2005-03-22,4.36
God of war,58175,God of War (2018),god-of-war-2,https://media.rawg.io/media/games/4be/4be6a6ad0364751a96229c56bf69be59.jpg,2018-04-20,4.54
God of war,930477,God Of War,god-of-war-3,https://media.rawg.io/media/screenshots/6c2/6c22cbdcb195414db8f60825034462ec.jpg,2023-02-17,0.0
God of war,3882,God of War: Ascension,god-of-war-ascension,https://media.rawg.io/media/games/c13/c13815d4923dc9778ff959985ad4dd43.jpg,2013-03-12,3.85
God of war,494384,God of War: Ragnarök,god-of-war-ragnarok,https://media.rawg.io/media/games/1c3/1c305096502c475c00276c827f0fd697.jpg,2022-11-09,4.42
God of war,989140,God of War Ragnarök,god-of-war-ragnarok-2,https://media.rawg.io/media/screenshots/3c4/3c4c51b66741363d83b56ce66b1240ec.jpg,N/A,4.5
God of war,39707,God of War II,god-of-war-ii,https://media.rawg.io/media/games/615/615e9fc0a325e0d87b84dad029b8b7b9.jpg,2007-03-13,4.39
God of war,4852,God of War Collection,god-of-war-collection,https://media.rawg.io/media/screenshots/5bb/5bbc83c6b4789122cc30b62877a9dcf6.jpg,2009-11-17,4.24
God of war,4853,God of War: Ghost of Sparta,god-of-war-ghost-of-sparta,https://media.rawg.io/media/games/5c2/5c2aef36106ee4751cdfda8fd408aaf5.jpg,2010-11-02,4.16
God of war,4607,God of War: Origins Collection,god-of-war-origins-collection,https://media.rawg.io/media/games/915/915f5b3103798a5832bbdb3362a0b610.jpg,2011-09-13,4.0
God of war,973384,God of War Ragnarok: Valhalla,god-of-war-ragnarok-valhalla,https://media.rawg.io/media/screenshots/1d3/1d37ed8c21e856d71c06874c17916981.jpg,2023-12-12,4.02
God of war,5574,God of War: Chains of Olympus,god-of-war-chains-of-olympus,https://media.rawg.io/media/games/43d/43d96923f98c75727bd55b676fb3b6d3.jpg,2008-03-04,4.14
God of war,3265,God of War III Remastered,god-of-war-iii-remastered,https://media.rawg.io/media/games/4b6/4b67558bf04c7211aabeff179271bdd8.jpg,2015-07-14,4.12
God of war,468988,God of War: Betrayal,god-of-war-betrayal,https://media.rawg.io/media/screenshots/196/1964eb4e0c9d839e778ceb910e30b280.jpg,2007-06-20,4.0
God of war,39039,God of War III,god-of-war-iii,https://media.rawg.io/media/games/289/289951d92239d05f2a663d632aa3888a.jpg,2010-03-16,4.4
God of war,183703,God of War: Zoro's Wrath,god-of-war-zoros-wrath,https://media.rawg.io/media/screenshots/8e9/8e9d3ff1261c51ef687637e4970a1170.jpg,2017-01-29,0.0
God of war,919110,God of War... but pixelated...,god-of-war-but-pixelated,https://media.rawg.io/media/screenshots/b7d/b7d39db1df861ca0d635c1527ca9a28a.jpg,2023-01-31,0.0
God of war,66825,God of War | Mimir’s Vision,god-of-war-mimirs-vision,https://media.rawg.io/media/screenshots/5c8/5c872e4403e898b5de370d40dfa61374.jpg,2018-04-22,0.0
God of war,5691,Thor: God of Thunder,thor-god-of-thunder,https://media.rawg.io/media/games/52d/52d173db0f466108c15d900b61a0f1a9.jpg,2011-04-28,2.67
God of war,2629,Trillion: God of Destruction,trillion-god-of-destruction,https://media.rawg.io/media/screenshots/ee1/ee1ef2c1aeab2766cb08056a8dc4b70a.jpg,2015-07-23,2.89
Grand Theft Auto,52998,Grand Theft Auto,grand-theft-auto-1998,https://media.rawg.io/media/games/786/786f9a212646c793ccbad196cba2cf36.jpg,1997-10-21,3.85
Grand Theft Auto,4459,Grand Theft Auto IV,grand-theft-auto-iv,https://media.rawg.io/media/games/4a0/4a0a1316102366260e6f38fd2a9cfdce.jpg,2008-04-29,4.26
Grand Theft Auto,972995,Grand Theft Auto VI,grand-theft-aito-vi,https://media.rawg.io/media/games/734/7342a1cd82c8997ec620084ae4c2e7e4.jpg,2026-11-19,3.72
Grand Theft Auto,3498,Grand Theft Auto V,grand-theft-auto-v,https://media.rawg.io/media/games/20a/20aa03a10cda45239fe22d035c0ebe64.jpg,2013-09-17,4.47
Grand Theft Auto,59121,Grand Theft Auto: London 1961,grand-theft-auto-london-1961,https://media.rawg.io/media/games/d45/d45603b311b34e5351a809ed210c336f.jpg,1999-06-01,3.55
Grand Theft Auto,378578,Grand Theft Auto IV: Complete Edition,grand-theft-auto-iv-complete-edition,https://media.rawg.io/media/screenshots/e59/e59cc96f38cc93af5a396173878018d7.jpg,2010-10-27,4.58
Grand Theft Auto,708998,Grand Theft Auto III: The Definitive Edition,grand-theft-auto-iii-the-definitive-edition,https://media.rawg.io/media/games/9db/9db7575938031b505ed7cdc2067168ce.jpg,2021-11-11,3.43
Grand Theft Auto,5200,Grand Theft Auto: Chinatown Wars,gta-chinatown-wars,https://media.rawg.io/media/games/bcd/bcdadb5dd2be66dd4dd1f657275b3f8e.jpg,2009-03-17,3.89
Grand Theft Auto,430,Grand Theft Auto: Vice City,grand-theft-auto-vice-city,https://media.rawg.io/media/games/13a/13a528ac9cf48bbb6be5d35fe029336d.jpg,2002-10-27,4.44
Grand Theft Auto,30539,Grand Theft Auto Mission Pack: London 1969,grand-theft-auto-mission-pack-london-1969,https://media.rawg.io/media/screenshots/b38/b3806faa738d71d0c0865d2b15525202.jpg,1999-03-31,3.2
Grand Theft Auto,416,Grand Theft Auto: San Andreas,grand-theft-auto-san-andreas,https://media.rawg.io/media/games/960/960b601d9541cec776c5fa42a00bf6c4.jpg,2004-10-26,4.5
Grand Theft Auto,7872,Grand Theft Auto: iFruit,grand-theft-auto-ifruit,https://media.rawg.io/media/screenshots/d74/d748bb016b1c26935cb7c2d0f2a7ba40.jpg,2013-09-16,2.75
Grand Theft Auto,677164,Grand Theft Auto: The Trilogy – The Definitive Edition,grand-theft-auto-the-trilogy-the-definitive-editio,https://media.rawg.io/media/games/051/0518bc19ba710a13d58620723ef8b3f7.jpg,2021-11-11,2.08
Grand Theft Auto,709004,Grand Theft Auto: San Andreas – The Definitive Edition,grand-theft-auto-san-andreas-the-definitive-editio,https://media.rawg.io/media/games/ae3/ae3ba4e4d73ab8ec9dd6bfd8ab9d4efb.jpg,2021-11-11,3.15
Grand Theft Auto,4059,Grand Theft Auto: Vice City Stories,grand-theft-auto-vice-city-stories,https://media.rawg.io/media/games/2cf/2cfc874f7d547fa6f6a84816f7a00bb3.jpg,2006-10-31,4.01
Grand Theft Auto,347853,Grand Theft Auto V & Grand Theft Auto: San Andreas,grand-theft-auto-v-grand-theft-auto-san-andreas,N/A,2017-04-04,0.0
Grand Theft Auto,708999,Grand Theft Auto: Vice City – The Definitive Edition,grand-theft-auto-vice-city-the-definitive-edition,https://media.rawg.io/media/games/a0d/a0d4405596639b3fe4de603f4489755e.jpg,2021-11-11,3.76
Grand Theft Auto,4058,Grand Theft Auto: Liberty City Stories,gta-liberty-city-stories,https://media.rawg.io/media/games/212/21215abf004beda8b6c67255028a6696.jpg,2005-10-24,3.99
Grand Theft Auto,4414,Grand Theft Auto: Episodes from Liberty City,grand-theft-auto-episodes-from-liberty-city,https://media.rawg.io/media/games/470/470d21d6971de8f13ec0e1664a120cc0.jpg,2009-10-29,4.12
Grand Theft Auto,1017194,Grand Theft Auto: Double Pack,grand-theft-auto-double-pack,https://media.rawg.io/media/screenshots/9cd/9cdd18c197521dc45c12f47929511f36.jpg,2003-10-24,0.0
Need For Speed,3090,Need for Speed,need-for-speed,https://media.rawg.io/media/games/19a/19a512a8c1293c22894b7364e1405ec1.jpg,2015-11-03,3.38
Need For Speed,39241,Need for Speed World,need-for-speed-world,https://media.rawg.io/media/games/0ba/0ba3794e8e6013f3334a709c50bc8bf2.jpg,2010-07-27,2.94
Need For Speed,19400,Need for Speed: Shift,need-for-speed-shift-2,https://media.rawg.io/media/games/22b/22b61e8391b252cbd9be3317709cc68d.jpg,2009-09-15,3.57
Need For Speed,53445,Need for Speed: Underground,need-for-speed-underground-3,https://media.rawg.io/media/games/7dd/7dd30ec2b261fa66c3567ddd845ec649.jpg,2003-11-17,4.33
Need For Speed,5615,Need For Speed Undercover,nfs-undercover,https://media.rawg.io/media/games/4ad/4ad6ab9cfe8146224330598a4a62fb14.jpg,2008-11-18,3.21
Need For Speed,364806,Need for Speed Heat,need-for-speed-heat,https://media.rawg.io/media/games/370/3703c683968a54f09630dcf03366ea35.jpg,2019-11-08,3.27
Need For Speed,5611,Need for Speed: ProStreet,nfs-prostreet,https://media.rawg.io/media/games/269/269cd0c0a196e87ece216b534813df50.jpg,2007-11-14,3.54
Need For Speed,544,Need for Speed No Limits,need-for-speed-no-limits,https://media.rawg.io/media/games/2b6/2b6806f039c1345a0f61894eaa5f3414.jpg,2015-10-01,2.67
Need For Speed,23702,Need for Speed Payback,need-for-speed-payback,https://media.rawg.io/media/games/a57/a57e3c73ca46cbf55b526c828e3545c0.jpg,2017-11-07,3.2
Need For Speed,5265,Need For Speed Carbon,need-for-speed-carbon,https://media.rawg.io/media/games/35f/35f815a22c4678b4fe76073f0f56df8e.jpg,2006-10-30,3.95
Need For Speed,3838,Need for Speed Rivals,need-for-speed-rivals,https://media.rawg.io/media/games/1fa/1fa75f0895240b12fc65cc98ae9649fd.jpg,2013-11-15,3.15
Need For Speed,31412,Need for Speed: Porsche Unleashed,need-for-speed-porsche-unleashed,https://media.rawg.io/media/games/236/236b79a5c51ed6bf59dffd2d24df30cc.jpg,2000-01-01,4.24
Need For Speed,58890,Need For Speed: Most Wanted,need-for-speed-most-wanted,https://media.rawg.io/media/games/41b/41ba37b6a3e706dc1d27d49afbf0f72a.jpg,2005-11-15,4.45
Need For Speed,30606,Need for Speed: High Stakes,need-for-speed-high-stakes,https://media.rawg.io/media/games/2b9/2b9bfacefc4a846a7c0f5fa73987a76c.jpg,1999-03-01,4.05
Need For Speed,4385,Need for Speed: The Run,need-for-speed-the-run,https://media.rawg.io/media/games/824/8244583f6d39dda76b0fce7a516d1425.jpg,2011-11-15,3.75
Need For Speed,53446,Need for Speed: Underground 2,need-for-speed-underground-2-2,https://media.rawg.io/media/games/dc6/dc68ca77e06ad993aade7faf645f5ec2.jpg,2004-11-15,4.4
Need For Speed,30332,Need for Speed 2 Special Edition,need-for-speed-ii-se,https://media.rawg.io/media/games/d8e/d8e080b85e3c5e59a6ecd9f613c6f3be.jpg,1997-11-06,4.16
Need For Speed,19633,Need For Speed: Hot Pursuit,need-for-speed-hot-pursuit-2,https://media.rawg.io/media/games/367/367463d43c2a1465f27e830b5b1334ee.jpg,2010-11-16,3.86
Need For Speed,30504,Need for Speed 3: Hot Pursuit,need-for-speed-3-hot-pursuit,https://media.rawg.io/media/games/291/29135e04d81ef83074ce59963636095f.jpg,1998-03-25,4.07
Need For Speed,31724,Need for Speed: Hot Pursuit 2,need-for-speed-hot-pursuit-2-2,https://media.rawg.io/media/games/907/90794495addba417489b92bf64054889.jpg,2002-09-30,4.0
Age of Empire,32595,Age of Empires II: Age of Kings,age-of-empires-ii-age-of-kings,https://media.rawg.io/media/screenshots/e90/e90a4f0b878b0206888a56c4155705c8.jpg,1999-09-30,4.39
Age of Empire,8106,Age of Empires: Castle Siege,age-of-empires-castle-siege,https://media.rawg.io/media/screenshots/d60/d60cc486d9f6c7ad4fd2fb178b3ce689.jpeg,2014-09-17,3.05
Age of Empire,31261,Age of Empires: The Rise of Rome,age-of-empires-the-rise-of-rome,https://media.rawg.io/media/screenshots/727/72744f3aa4c99b3b8eb403b5219856d2.jpg,1998-10-31,4.41
Age of Empire,32038,Age of Empires II: The Conquerors,age-of-empires-ii-the-conquerors,https://media.rawg.io/media/screenshots/69b/69b057c6b3eecf554507a2dd1172148a.jpg,2000-08-25,4.58
Age of Empire,499264,Age of Empires III: Definitive Edition,age-of-empires-iii-definitive-edition,https://media.rawg.io/media/games/f68/f68f04eeeadaa87cf0d2534306f96850.jpg,2020-10-15,3.75
Age of Empire,12092,Age of Empires III: Complete Collection,age-of-empires-iii-complete-collection,https://media.rawg.io/media/screenshots/baf/baf902c3d2e800a57c087763d56fc914.jpg,2012-01-05,4.1
Age of Empire,37261,Age of Empires III: The WarChiefs,age-of-empires-iii-the-warchiefs,https://media.rawg.io/media/screenshots/fe6/fe652f7a9b9945b81a72f1888429105a.jpg,2006-10-17,3.83
Age of Empire,32697,Age of Empires,age-of-empires,https://media.rawg.io/media/screenshots/323/323dac3cdfdc40cd87dd4b2582578afe.jpg,1997-10-15,4.3
Age of Empire,38066,Age of Empires III: The Asian Dynasties,age-of-empires-iii-the-asian-dynasties,https://media.rawg.io/media/screenshots/4a5/4a5dea86b1edca4dde40db2f5851445e.jpg,2007-10-23,4.0
Age of Empire,52336,Age of Empires: Definitive Edition,age-of-empires-definitive-edition,https://media.rawg.io/media/screenshots/ee2/ee26304beaa6cda35c53604868164cca.jpg,2018-02-20,4.05
Age of Empire,326253,Age of Empires II: Definitive Edition,age-of-empires-2-definitive-edition,https://media.rawg.io/media/games/945/9455733af10406794b0c1b8d117bca76.jpg,2019-11-14,4.29
Age of Empire,24993,Age of Empires: The Age of Kings,age-of-empires-the-age-of-kings,https://media.rawg.io/media/screenshots/fe3/fe3d13408ed6b4c32e28ff7c007034b1.jpg,2006-02-14,3.62
Age of Empire,25746,Age of Empires: Mythologies,age-of-empires-mythologies,https://media.rawg.io/media/screenshots/dde/dde3a47a0aa006380b45bec8d0bb6862.jpg,2008-11-24,3.73
Age of Empire,36514,Age of Empires III,age-of-empires-iii,https://media.rawg.io/media/screenshots/27d/27daaa55b3833db3f236ab86e171c0df.jpg,2005-10-18,4.04
Age of Empire,40430,Age of Empires Online,age-of-empires-online,https://media.rawg.io/media/screenshots/c3a/c3ab5cda609bd9df77f2c257b353213e.jpg,2011-08-16,2.6
Age of Empire,58618,Age of Empires IV,age-of-empires-iv,https://media.rawg.io/media/games/23e/23e45acbf29bd241913ddcf5cf4053d5.jpg,2021-10-28,3.88
Age of Empire,41856,Age of Empires II: Forgotten Empires,age-of-empires-ii-forgotten-empires,https://media.rawg.io/media/screenshots/280/2809b7565f08ab8c5a5b6a46f2532ae6.jpg,2012-12-29,4.0
Age of Empire,9904,Age of Empires II HD,age-of-empires-ii-hd,https://media.rawg.io/media/games/c07/c07e1c1e6908a2eeebd5dad0708abd01.jpg,2013-04-09,4.2
Age of Empire,758591,Ozymandias: Bronze Age Empire Sim,ozymandias-bronze-age-empire-sim,https://media.rawg.io/media/games/563/5636a7ebb60830858bbe32c3cb51a25a.jpg,2022-10-11,0.0
Age of Empire,380950,Empire: Age of Knights,empire-age-of-knights,https://media.rawg.io/media/screenshots/d28/d287ac77c1f37ca1e361ea9e25a80069_pMvhX1Y.jpg,2019-10-09,0.0
Civilization,52803,Civilization,civilization,https://media.rawg.io/media/screenshots/05f/05f21409dac9ce60809bc1bce40d657a.jpg,1991-01-01,4.35
Civilization,32062,Sid Meier's Civilization,sid-meiers-civilization,https://media.rawg.io/media/games/f80/f809fd527c94191fbe32b2617773d728.jpg,1991-08-30,4.27
Civilization,13779,Civilization IV: Warlords,civilization-iv-warlords,https://media.rawg.io/media/screenshots/4f2/4f24c59ac7ba91590d7394acac0bfae8.jpg,2006-07-26,3.69
Civilization,13778,Civilization IV: Beyond the Sword,civilization-iv-beyond-the-sword,https://media.rawg.io/media/screenshots/740/7400097027269944f4fd3ee597cb93d8.jpg,2007-06-24,3.75
Civilization,52801,Civilization II,civilization-ii,https://media.rawg.io/media/screenshots/267/2676723d64a0ce1696da32980bd1abe9.jpg,1996-02-29,4.33
Civilization,34450,Civilization 2: Conflicts in Civilization,civilization-2-conflicts-in-civilization,https://media.rawg.io/media/screenshots/145/145f3bf9e2d6372763b553547cc3aa79.jpg,1997-01-01,0.0
Civilization,25521,Sid Meier's Civilization Revolution,sid-meiers-civilization-revolution,https://media.rawg.io/media/games/64d/64d5dd97ccf536fdde562ce9ced5a141.jpg,2008-06-13,3.53
Civilization,10297,Sid Meier’s Civilization VI,civilization-vi,https://media.rawg.io/media/games/997/997ab4d67e96fb20a4092383477d4463.jpg,2016-10-20,4.16
Civilization,13633,Sid Meier's Civilization V,civilization-v,https://media.rawg.io/media/games/55e/55ee6432ac2bf224610fa17e4c652107.jpg,2010-09-21,4.29
Civilization,32060,Sid Meier's Civilization 2,sid-meiers-civilization-2,https://media.rawg.io/media/screenshots/1d0/1d05c811684f86d9b382814109385073.jpg,1996-02-29,4.23
Civilization,983201,Sid Meier’s Civilization VII,sid-meiers-civilization-vii,https://media.rawg.io/media/screenshots/885/885f2a1740d363f9b7a52fd2043eed07.jpg,2025-02-10,3.44
Civilization,13777,Sid Meier's Civilization IV: Colonization,sid-meiers-civilization-iv-colonization,https://media.rawg.io/media/screenshots/31d/31d70d348acf9924a218ddcb80c171be.jpg,2008-09-22,3.62
Civilization,13780,Sid Meier's Civilization IV,sid-meiers-civilization-iv,https://media.rawg.io/media/screenshots/85c/85c91c5064d2cdd56a949c8008868318.jpg,2005-10-25,4.11
Civilization,35155,Civilization 3: Conquests,civilization-3-conquests,https://media.rawg.io/media/screenshots/d0a/d0a700954a1d9a44dc410c6e2d453772.jpg,2003-11-04,4.33
Civilization,13694,Sid Meier's Civilization: Beyond Earth,sid-meiers-civilization-beyond-earth,https://media.rawg.io/media/games/f1c/f1c816c29db3b394d915101eaa09808a.jpg,2014-10-23,3.55
Civilization,80349,Civilization: Beyond Earth,civilization-beyond-earth,https://media.rawg.io/media/screenshots/40c/40c7544b5a7b359a434a8f662ad5c718.jpg,2014-11-26,0.0
Civilization,17380,Sid Meier's Civilization III Complete,sid-meiers-civilization-iii-complete,https://media.rawg.io/media/games/054/0549f1a0a5e782d4e81cdf8d022073fa.jpg,2001-10-29,3.71
Civilization,16191,Galactic Civilizations II: Ultimate Edition,galactic-civilizations-ii-ultimate-edition,https://media.rawg.io/media/games/3d8/3d8e76154123ef352d8d3216da061a2d.jpg,2011-12-02,2.65
Civilization,17042,Lost Civilization,lost-civilization,https://media.rawg.io/media/screenshots/2ee/2eeb7ca2441db2e01c7b12b124b4d254.jpg,2014-04-15,0.0
Civilization,16192,Galactic Civilizations I: Ultimate Edition,galactic-civilizations-i-ultimate-edition,https://media.rawg.io/media/screenshots/39c/39c349127d69ef1b79d5819404ebd532.jpg,2012-08-14,2.88
Fallout,13554,Fallout,fallout-a-post-nuclear-role-playing-game,https://media.rawg.io/media/games/14a/14a83c56ff668baaced6e8c8704b6391.jpg,1997-09-30,4.21
Fallout,132026,Fallout (itch),fallout,https://media.rawg.io/media/screenshots/db0/db0f4370a65a6edf37292819fc80e2f2.jpg,2018-08-21,0.0
Fallout,1015797,Fallout 4 - Creations Bundle,fallout-4-creations-bundle,https://media.rawg.io/media/screenshots/96f/96f4f3a7e7073a0cafb2f327461402d5.jpg,2025-11-10,0.0
Fallout,985992,Fallout: London,fallout-london,https://media.rawg.io/media/screenshots/f68/f68b50c69364afcd040c336b68126a3a.jpg,N/A,3.0
Fallout,58585,Fallout 76,fallout-76,https://media.rawg.io/media/games/151/151e79f397328419c64aabe93d9d5a31.jpg,2018-11-14,2.85
Fallout,5563,Fallout: New Vegas,fallout-new-vegas,https://media.rawg.io/media/games/995/9951d9d55323d08967640f7b9ab3e342.jpg,2010-10-19,4.43
Fallout,43623,Fallout 4: Automatron,fallout-4-automatron,https://media.rawg.io/media/games/2a2/2a2f11cfbd5903ab5e995049884578cb.jpg,2016-03-22,3.5
Fallout,19299,Fallout 2,fallout-2-a-post-nuclear-role-playing-game,https://media.rawg.io/media/games/218/218167ff4011acc825c844d0070940a0.jpg,1998-09-30,4.34
Fallout,39109,Fallout 3: The Pitt,fallout-3-the-pitt,https://media.rawg.io/media/screenshots/5a6/5a63022f15130f18ac58621070e375cd.jpg,2009-03-24,3.86
Fallout,43736,Fallout 4: Nuka-World,fallout-4-nuka-world,https://media.rawg.io/media/games/1eb/1eb2a09e01ae414572ad7a131013be3a.jpg,2016-08-30,3.47
Fallout,19284,Fallout Tactics: Brotherhood of Steel,fallout-tactics-brotherhood-of-steel,https://media.rawg.io/media/games/27c/27c86ebfba2281ebe3ea8ca6c9e752f1.jpg,2001-03-01,3.37
Fallout,289929,Fallout 4 - Far Harbor,fallout-4-far-harbor,https://media.rawg.io/media/games/ddc/ddc628285975634af34ccff2bf7cc9de.jpeg,2016-05-19,4.14
Fallout,39502,Fallout 3: Point Lookout,fallout-3-point-lookout,https://media.rawg.io/media/games/9a9/9a97bc28759cf0c014e7df3ff66ad385.jpg,2009-06-23,4.01
Fallout,39108,Fallout 3: Operation Anchorage,fallout-3-operation-anchorage,https://media.rawg.io/media/games/eca/ecafb7c1bbaaea68ea32a07fa0dfda15.jpg,2009-01-27,3.59
Fallout,39503,Fallout 3: Mothership Zeta,fallout-3-mothership-zeta,https://media.rawg.io/media/games/2f5/2f5d6ebaa61bd3a12ad40780d5d0b1c6.jpg,2009-08-03,3.41
Fallout,39110,Fallout 3: Broken Steel,fallout-3-broken-steel,https://media.rawg.io/media/screenshots/af0/af0493df6c5ddb56aed3c23056b5d619.jpg,2009-05-05,3.83
Fallout,40588,Fallout: New Vegas - Dead Money,fallout-new-vegas-dead-money,https://media.rawg.io/media/screenshots/5b7/5b72c2005333c693465d9b505c12266c.jpg,2010-12-21,4.04
Fallout,40877,Fallout: New Vegas - Lonesome Road,fallout-new-vegas-lonesome-road,https://media.rawg.io/media/screenshots/8b2/8b2b2f6b99adbb4cc6de8dd083ccdec9.jpg,2011-09-20,4.07
Fallout,43422,Fallout: New Vegas - Ultimate Edition,fallout-new-vegas-ultimate-edition,https://media.rawg.io/media/games/c35/c35f178598d2d2dab91f8e8e6a6478e2.jpg,2012-02-07,4.48
Fallout,40876,Fallout: New Vegas - Old World Blues,fallout-new-vegas-old-world-blues,https://media.rawg.io/media/screenshots/771/7711bf96b2a5128b70c6f83125c5093a.jpg,2011-07-19,4.28
Elder Scrolls,332,The Elder Scrolls: Legends,the-elder-scrolls-legends,https://media.rawg.io/media/games/431/4317e294e88e4c9d77327693b15f499a.jpg,2017-03-22,3.2
Elder Scrolls,71560,The Elder Scrolls: Blades,the-elder-scrolls-blades,https://media.rawg.io/media/games/429/42939f939972728c1b61a8eafda79507.jpg,2018-12-01,2.54
Elder Scrolls,29658,The Elder Scrolls: Arena,the-elder-scrolls-arena,https://media.rawg.io/media/games/ef8/ef823f3c46ff1e00803888b5c4476e10.jpg,1994-02-28,2.88
Elder Scrolls,284660,The Elder Scrolls Online: Elsweyr,the-elder-scroll-online-elsweyr,https://media.rawg.io/media/games/8fd/8fdc7843cffc863950cf5f859ea73aa4.jpg,2019-06-04,3.22
Elder Scrolls,23051,The Elder Scrolls Adventures: Redguard,the-elder-scrolls-adventures-redguard,https://media.rawg.io/media/games/ca3/ca33d086330031d9ad4e8e79a7943d7e.jpg,1998-10-31,3.17
Elder Scrolls,35,The Elder Scrolls Online: Morrowind,the-elder-scrolls-online-morrowind,https://media.rawg.io/media/games/f1e/f1e03ded3466a74a04505ad09f5025e3.jpg,2017-06-06,3.79
Elder Scrolls,23052,An Elder Scrolls Legend: Battlespire,elder-scrolls-legend-battlespire-an,https://media.rawg.io/media/games/7d4/7d44a49b6d822c915f98023db33e4ad4.jpg,1997-01-01,2.43
Elder Scrolls,5679,The Elder Scrolls V: Skyrim,the-elder-scrolls-v-skyrim,https://media.rawg.io/media/games/7cf/7cfc9220b401b7a300e409e539c9afd5.jpg,2011-11-11,4.42
Elder Scrolls,41646,The Elder Scrolls V: Skyrim - Hearthfire,the-elder-scrolls-v-skyrim-hearthfire,https://media.rawg.io/media/games/467/467b4e57229a616e7a24b2ed41429f53.jpg,2012-09-04,3.62
Elder Scrolls,31771,The Elder Scrolls II: Daggerfall,the-elder-scrolls-chapter-two-daggerfall,https://media.rawg.io/media/games/522/522f66c5f8542a945b9e2b1942f1ad63.jpg,1996-08-30,3.25
Elder Scrolls,5678,The Elder Scrolls IV: Oblivion,the-elder-scrolls-iv-oblivion,https://media.rawg.io/media/games/615/61503312a95d451198d80d9bae275f79.jpg,2006-03-20,4.34
Elder Scrolls,41456,The Elder Scrolls V: Skyrim - Dawnguard,the-elder-scrolls-v-skyrim-dawnguard,https://media.rawg.io/media/games/41b/41bdc2174dce7d9c47e2bf4ee7ecb80a.jpg,2012-06-26,4.12
Elder Scrolls,29653,The Elder Scrolls 3: Tribunal,the-elder-scrolls-3-tribunal,https://media.rawg.io/media/games/ef7/ef74d31932dcb719a1a2d549900dda44.jpg,2002-11-06,4.47
Elder Scrolls,34887,The Elder Scrolls 3: Bloodmoon,the-elder-scrolls-3-bloodmoon,https://media.rawg.io/media/screenshots/bcc/bcc92372ddbcc0183fc9112296b8df49.jpg,2003-06-03,4.31
Elder Scrolls,13820,The Elder Scrolls III: Morrowind,morrowind,https://media.rawg.io/media/games/ccf/ccf26f6e3d553a04f0033a8107a521b8.jpg,2002-05-01,4.37
Elder Scrolls,41738,The Elder Scrolls V: Skyrim - Dragonborn,the-elder-scrolls-v-skyrim-dragonborn,https://media.rawg.io/media/games/d90/d90621c887994083b5a7a2509d974b71.jpg,2012-12-04,4.18
Elder Scrolls,29203,The Elder Scrolls V: Skyrim VR,the-elder-scrolls-v-skyrim-vr,https://media.rawg.io/media/games/291/2919a3b400ace62dd5c1d145d6ee97d5.jpg,2017-12-31,3.64
Elder Scrolls,3300,The Elder Scrolls Online: Tamriel Unlimited,the-elder-scrolls-online-tamriel-unlimited,https://media.rawg.io/media/games/596/596a48ef3b62b63b4cc59633e28be903.jpg,2015-03-17,3.48
Elder Scrolls,42180,The Elder Scrolls V: Skyrim Legendary Edition,the-elder-scrolls-v-skyrim-legendary-edition,https://media.rawg.io/media/games/6db/6db2d022f77b1c99116bbf6750ec2c7d.jpg,2013-06-04,4.59
Elder Scrolls,12447,The Elder Scrolls V: Skyrim Special Edition,the-elder-scrolls-v-skyrim-special-edition,https://media.rawg.io/media/games/62c/62c7c8b28a27b83680b22fb9d33fc619.jpg,2016-10-27,4.45
Xenoblade,23875,Xenoblade Chronicles,xenoblade-chronicles,https://media.rawg.io/media/screenshots/5ad/5ad4f07b3aa8a23f64378f0da28930b8.jpg,2010-06-10,4.37
Xenoblade,371831,Xenoblade Chronicles: Definitive Edition,xenoblade-chronicles-definitive-edition,https://media.rawg.io/media/games/773/7739920af75d01f6a3b7e76a21d1633a.jpg,2020-05-29,4.31
Xenoblade,58824,Xenoblade Chronicles 2: Torna ~ The Golden Country,xenoblade-chronicles-2-torna-the-golden-country,https://media.rawg.io/media/screenshots/35b/35b514c99b084d6b14ceb37181113645.jpg,2018-09-14,4.37
Xenoblade,27946,Xenoblade Chronicles 3D,xenoblade-chronicles-3d,https://media.rawg.io/media/screenshots/0af/0afb5a63d17c9ea21a8aa93b88cdb1fd.jpg,2015-04-10,4.15
Xenoblade,43753,Xenoblade Chronicles 2,xenoblade-chronicles-2,https://media.rawg.io/media/games/a9a/a9a6055569c986a04d066b310ea57ebb.jpg,2017-11-30,4.27
Xenoblade,23756,Xenoblade Chronicles X,xenoblade-chronicles-x,https://media.rawg.io/media/screenshots/db8/db83a83c7fc09dca7d5357ed28d167dd.jpg,2015-12-04,4.3
Xenoblade,736257,Xenoblade Chronicles 3,xenoblade-chronicles-3,https://media.rawg.io/media/games/ae7/ae7cfc9a66232839112663899d2c8d8d.jpg,2022-07-29,4.33
Xenoblade,1018133,Xenoblade Genesis,xenoblade-genesis,https://media.rawg.io/media/screenshots/0df/0df09abc638e126e010f34f0dcb3c00a.jpg,N/A,0.0
Xenoblade,825661,Dr. Dyle Xenoblade Fan Version,dr-dyle-xenoblade-fan-version,https://media.rawg.io/media/screenshots/cfb/cfbf5b8a17a99a73933dd2593bd16fbe.jpg,2022-07-24,0.0
Xenoblade,205088,Xenoblade Chronicles Maze Game,xenoblade-chronicles-maze-game,https://media.rawg.io/media/screenshots/515/515c8db969f77fa84b9f5e47aa67bb8e.jpg,2016-11-30,0.0
Xenoblade,850944,Pitch Demo: Xenoblade Chronicles 4,pitch-demo-xenoblade-chronicles-4,https://media.rawg.io/media/screenshots/b2f/b2f8070f970c8905c8eefc6b233cf599.jpg,2022-09-15,0.0
Xenoblade,37707,XenoBlast,xenoblast,https://media.rawg.io/media/screenshots/582/582214c3894b0870e66a2b4cb0956290.jpg,2006-10-01,0.0
Xenoblade,747958,Xenovade,xenovade,https://media.rawg.io/media/screenshots/399/3996ed5020427f15d741b74e057b8daa.jpg,2022-02-25,0.0
Xenoblade,427945,Xenovaders,xenovaders,https://media.rawg.io/media/screenshots/9ef/9efc6887cff50bcf485a3be1587cbda9.jpg,2020-04-10,0.0
Xenoblade,394304,XENOBLOB,xenoblob,https://media.rawg.io/media/screenshots/3a4/3a4f7b78c86710f5c204c9715e614bcc.jpg,2019-11-22,0.0
Xenoblade,30334,XenoBall,xenoball,https://media.rawg.io/media/screenshots/103/1036971ede64c7034274f393742a840e.jpg,1995-01-01,0.0
Xenoblade,823627,ALIEN XENOBLASTER,alien-xenoblaster-2,https://media.rawg.io/media/screenshots/688/688b107ac8fe73bacc4b9f00e3d2367d.jpg,N/A,0.0
Xenoblade,44616,Xenoslaive Overdrive,xenoslaive-overdrive,https://media.rawg.io/media/screenshots/7f7/7f7052fc52b662f0d7d78e92675b4c91.jpg,2017-07-17,0.0
